signature,file,startline,startcol,endline,endcol,properties
Lcom/android/appsearch/flags/CustomFeatureFlags;->appOpenEventIndexerEnabled()Z,out/soong/.intermediates/packages/modules/AppSearch/flags/appsearch_flags_java_lib/android_common/javac/srcjars/com/android/appsearch/flags/CustomFeatureFlags.java,21,5,21,25,
Lcom/android/appsearch/flags/CustomFeatureFlags;->appsIndexerEnabled()Z,out/soong/.intermediates/packages/modules/AppSearch/flags/appsearch_flags_java_lib/android_common/javac/srcjars/com/android/appsearch/flags/CustomFeatureFlags.java,28,5,28,25,
Lcom/android/appsearch/flags/CustomFeatureFlags;->enableAppFunctions()Z,out/soong/.intermediates/packages/modules/AppSearch/flags/appsearch_flags_java_lib/android_common/javac/srcjars/com/android/appsearch/flags/CustomFeatureFlags.java,35,5,35,25,
Lcom/android/appsearch/flags/CustomFeatureFlags;->enableBlobStore()Z,out/soong/.intermediates/packages/modules/AppSearch/flags/appsearch_flags_java_lib/android_common/javac/srcjars/com/android/appsearch/flags/CustomFeatureFlags.java,42,5,42,25,
Lcom/android/appsearch/flags/CustomFeatureFlags;->enableContactsIndexFirstMiddleAndLastNames()Z,out/soong/.intermediates/packages/modules/AppSearch/flags/appsearch_flags_java_lib/android_common/javac/srcjars/com/android/appsearch/flags/CustomFeatureFlags.java,49,5,49,25,
Lcom/android/appsearch/flags/CustomFeatureFlags;->enableEnterpriseEmptyBatchResultFix()Z,out/soong/.intermediates/packages/modules/AppSearch/flags/appsearch_flags_java_lib/android_common/javac/srcjars/com/android/appsearch/flags/CustomFeatureFlags.java,56,5,56,25,
Lcom/android/appsearch/flags/CustomFeatureFlags;->enableEnterpriseGlobalSearchSession()Z,out/soong/.intermediates/packages/modules/AppSearch/flags/appsearch_flags_java_lib/android_common/javac/srcjars/com/android/appsearch/flags/CustomFeatureFlags.java,63,5,63,25,
Lcom/android/appsearch/flags/CustomFeatureFlags;->enableGenericDocumentBuilderHiddenMethods()Z,out/soong/.intermediates/packages/modules/AppSearch/flags/appsearch_flags_java_lib/android_common/javac/srcjars/com/android/appsearch/flags/CustomFeatureFlags.java,70,5,70,25,
Lcom/android/appsearch/flags/CustomFeatureFlags;->enableGenericDocumentCopyConstructor()Z,out/soong/.intermediates/packages/modules/AppSearch/flags/appsearch_flags_java_lib/android_common/javac/srcjars/com/android/appsearch/flags/CustomFeatureFlags.java,77,5,77,25,
Lcom/android/appsearch/flags/CustomFeatureFlags;->enableGenericDocumentOverIpc()Z,out/soong/.intermediates/packages/modules/AppSearch/flags/appsearch_flags_java_lib/android_common/javac/srcjars/com/android/appsearch/flags/CustomFeatureFlags.java,84,5,84,25,
Lcom/android/appsearch/flags/CustomFeatureFlags;->enableGetParentTypesAndIndexableNestedProperties()Z,out/soong/.intermediates/packages/modules/AppSearch/flags/appsearch_flags_java_lib/android_common/javac/srcjars/com/android/appsearch/flags/CustomFeatureFlags.java,91,5,91,25,
Lcom/android/appsearch/flags/CustomFeatureFlags;->enableGroupingTypePerSchema()Z,out/soong/.intermediates/packages/modules/AppSearch/flags/appsearch_flags_java_lib/android_common/javac/srcjars/com/android/appsearch/flags/CustomFeatureFlags.java,98,5,98,25,
Lcom/android/appsearch/flags/CustomFeatureFlags;->enableInformationalRankingExpressions()Z,out/soong/.intermediates/packages/modules/AppSearch/flags/appsearch_flags_java_lib/android_common/javac/srcjars/com/android/appsearch/flags/CustomFeatureFlags.java,105,5,105,25,
Lcom/android/appsearch/flags/CustomFeatureFlags;->enableListFilterHasPropertyFunction()Z,out/soong/.intermediates/packages/modules/AppSearch/flags/appsearch_flags_java_lib/android_common/javac/srcjars/com/android/appsearch/flags/CustomFeatureFlags.java,112,5,112,25,
Lcom/android/appsearch/flags/CustomFeatureFlags;->enablePutDocumentsRequestAddTakenActions()Z,out/soong/.intermediates/packages/modules/AppSearch/flags/appsearch_flags_java_lib/android_common/javac/srcjars/com/android/appsearch/flags/CustomFeatureFlags.java,119,5,119,25,
Lcom/android/appsearch/flags/CustomFeatureFlags;->enableResultAlreadyExists()Z,out/soong/.intermediates/packages/modules/AppSearch/flags/appsearch_flags_java_lib/android_common/javac/srcjars/com/android/appsearch/flags/CustomFeatureFlags.java,126,5,126,25,
Lcom/android/appsearch/flags/CustomFeatureFlags;->enableResultDeniedAndResultRateLimited()Z,out/soong/.intermediates/packages/modules/AppSearch/flags/appsearch_flags_java_lib/android_common/javac/srcjars/com/android/appsearch/flags/CustomFeatureFlags.java,133,5,133,25,
Lcom/android/appsearch/flags/CustomFeatureFlags;->enableSafeParcelable2()Z,out/soong/.intermediates/packages/modules/AppSearch/flags/appsearch_flags_java_lib/android_common/javac/srcjars/com/android/appsearch/flags/CustomFeatureFlags.java,140,5,140,25,
Lcom/android/appsearch/flags/CustomFeatureFlags;->enableSchemaEmbeddingPropertyConfig()Z,out/soong/.intermediates/packages/modules/AppSearch/flags/appsearch_flags_java_lib/android_common/javac/srcjars/com/android/appsearch/flags/CustomFeatureFlags.java,147,5,147,25,
Lcom/android/appsearch/flags/CustomFeatureFlags;->enableSearchSpecFilterProperties()Z,out/soong/.intermediates/packages/modules/AppSearch/flags/appsearch_flags_java_lib/android_common/javac/srcjars/com/android/appsearch/flags/CustomFeatureFlags.java,154,5,154,25,
Lcom/android/appsearch/flags/CustomFeatureFlags;->enableSearchSpecSearchStringParameters()Z,out/soong/.intermediates/packages/modules/AppSearch/flags/appsearch_flags_java_lib/android_common/javac/srcjars/com/android/appsearch/flags/CustomFeatureFlags.java,161,5,161,25,
Lcom/android/appsearch/flags/CustomFeatureFlags;->enableSearchSpecSetSearchSourceLogTag()Z,out/soong/.intermediates/packages/modules/AppSearch/flags/appsearch_flags_java_lib/android_common/javac/srcjars/com/android/appsearch/flags/CustomFeatureFlags.java,168,5,168,25,
Lcom/android/appsearch/flags/CustomFeatureFlags;->enableSetPubliclyVisibleSchema()Z,out/soong/.intermediates/packages/modules/AppSearch/flags/appsearch_flags_java_lib/android_common/javac/srcjars/com/android/appsearch/flags/CustomFeatureFlags.java,175,5,175,25,
Lcom/android/appsearch/flags/CustomFeatureFlags;->enableSetSchemaVisibleToConfigs()Z,out/soong/.intermediates/packages/modules/AppSearch/flags/appsearch_flags_java_lib/android_common/javac/srcjars/com/android/appsearch/flags/CustomFeatureFlags.java,182,5,182,25,
Lcom/android/appsearch/flags/FeatureFlags;->appOpenEventIndexerEnabled()Z,out/soong/.intermediates/packages/modules/AppSearch/flags/appsearch_flags_java_lib/android_common/javac/srcjars/com/android/appsearch/flags/FeatureFlags.java,9,5,9,25,
Lcom/android/appsearch/flags/FeatureFlags;->appsIndexerEnabled()Z,out/soong/.intermediates/packages/modules/AppSearch/flags/appsearch_flags_java_lib/android_common/javac/srcjars/com/android/appsearch/flags/FeatureFlags.java,13,5,13,25,
Lcom/android/appsearch/flags/FeatureFlags;->enableAppFunctions()Z,out/soong/.intermediates/packages/modules/AppSearch/flags/appsearch_flags_java_lib/android_common/javac/srcjars/com/android/appsearch/flags/FeatureFlags.java,17,5,17,25,
Lcom/android/appsearch/flags/FeatureFlags;->enableBlobStore()Z,out/soong/.intermediates/packages/modules/AppSearch/flags/appsearch_flags_java_lib/android_common/javac/srcjars/com/android/appsearch/flags/FeatureFlags.java,21,5,21,25,
Lcom/android/appsearch/flags/FeatureFlags;->enableContactsIndexFirstMiddleAndLastNames()Z,out/soong/.intermediates/packages/modules/AppSearch/flags/appsearch_flags_java_lib/android_common/javac/srcjars/com/android/appsearch/flags/FeatureFlags.java,25,5,25,25,
Lcom/android/appsearch/flags/FeatureFlags;->enableEnterpriseEmptyBatchResultFix()Z,out/soong/.intermediates/packages/modules/AppSearch/flags/appsearch_flags_java_lib/android_common/javac/srcjars/com/android/appsearch/flags/FeatureFlags.java,29,5,29,25,
Lcom/android/appsearch/flags/FeatureFlags;->enableEnterpriseGlobalSearchSession()Z,out/soong/.intermediates/packages/modules/AppSearch/flags/appsearch_flags_java_lib/android_common/javac/srcjars/com/android/appsearch/flags/FeatureFlags.java,33,5,33,25,
Lcom/android/appsearch/flags/FeatureFlags;->enableGenericDocumentBuilderHiddenMethods()Z,out/soong/.intermediates/packages/modules/AppSearch/flags/appsearch_flags_java_lib/android_common/javac/srcjars/com/android/appsearch/flags/FeatureFlags.java,37,5,37,25,
Lcom/android/appsearch/flags/FeatureFlags;->enableGenericDocumentCopyConstructor()Z,out/soong/.intermediates/packages/modules/AppSearch/flags/appsearch_flags_java_lib/android_common/javac/srcjars/com/android/appsearch/flags/FeatureFlags.java,41,5,41,25,
Lcom/android/appsearch/flags/FeatureFlags;->enableGenericDocumentOverIpc()Z,out/soong/.intermediates/packages/modules/AppSearch/flags/appsearch_flags_java_lib/android_common/javac/srcjars/com/android/appsearch/flags/FeatureFlags.java,45,5,45,25,
Lcom/android/appsearch/flags/FeatureFlags;->enableGetParentTypesAndIndexableNestedProperties()Z,out/soong/.intermediates/packages/modules/AppSearch/flags/appsearch_flags_java_lib/android_common/javac/srcjars/com/android/appsearch/flags/FeatureFlags.java,49,5,49,25,
Lcom/android/appsearch/flags/FeatureFlags;->enableGroupingTypePerSchema()Z,out/soong/.intermediates/packages/modules/AppSearch/flags/appsearch_flags_java_lib/android_common/javac/srcjars/com/android/appsearch/flags/FeatureFlags.java,53,5,53,25,
Lcom/android/appsearch/flags/FeatureFlags;->enableInformationalRankingExpressions()Z,out/soong/.intermediates/packages/modules/AppSearch/flags/appsearch_flags_java_lib/android_common/javac/srcjars/com/android/appsearch/flags/FeatureFlags.java,57,5,57,25,
Lcom/android/appsearch/flags/FeatureFlags;->enableListFilterHasPropertyFunction()Z,out/soong/.intermediates/packages/modules/AppSearch/flags/appsearch_flags_java_lib/android_common/javac/srcjars/com/android/appsearch/flags/FeatureFlags.java,61,5,61,25,
Lcom/android/appsearch/flags/FeatureFlags;->enablePutDocumentsRequestAddTakenActions()Z,out/soong/.intermediates/packages/modules/AppSearch/flags/appsearch_flags_java_lib/android_common/javac/srcjars/com/android/appsearch/flags/FeatureFlags.java,65,5,65,25,
Lcom/android/appsearch/flags/FeatureFlags;->enableResultAlreadyExists()Z,out/soong/.intermediates/packages/modules/AppSearch/flags/appsearch_flags_java_lib/android_common/javac/srcjars/com/android/appsearch/flags/FeatureFlags.java,69,5,69,25,
Lcom/android/appsearch/flags/FeatureFlags;->enableResultDeniedAndResultRateLimited()Z,out/soong/.intermediates/packages/modules/AppSearch/flags/appsearch_flags_java_lib/android_common/javac/srcjars/com/android/appsearch/flags/FeatureFlags.java,73,5,73,25,
Lcom/android/appsearch/flags/FeatureFlags;->enableSafeParcelable2()Z,out/soong/.intermediates/packages/modules/AppSearch/flags/appsearch_flags_java_lib/android_common/javac/srcjars/com/android/appsearch/flags/FeatureFlags.java,77,5,77,25,
Lcom/android/appsearch/flags/FeatureFlags;->enableSchemaEmbeddingPropertyConfig()Z,out/soong/.intermediates/packages/modules/AppSearch/flags/appsearch_flags_java_lib/android_common/javac/srcjars/com/android/appsearch/flags/FeatureFlags.java,81,5,81,25,
Lcom/android/appsearch/flags/FeatureFlags;->enableSearchSpecFilterProperties()Z,out/soong/.intermediates/packages/modules/AppSearch/flags/appsearch_flags_java_lib/android_common/javac/srcjars/com/android/appsearch/flags/FeatureFlags.java,85,5,85,25,
Lcom/android/appsearch/flags/FeatureFlags;->enableSearchSpecSearchStringParameters()Z,out/soong/.intermediates/packages/modules/AppSearch/flags/appsearch_flags_java_lib/android_common/javac/srcjars/com/android/appsearch/flags/FeatureFlags.java,89,5,89,25,
Lcom/android/appsearch/flags/FeatureFlags;->enableSearchSpecSetSearchSourceLogTag()Z,out/soong/.intermediates/packages/modules/AppSearch/flags/appsearch_flags_java_lib/android_common/javac/srcjars/com/android/appsearch/flags/FeatureFlags.java,93,5,93,25,
Lcom/android/appsearch/flags/FeatureFlags;->enableSetPubliclyVisibleSchema()Z,out/soong/.intermediates/packages/modules/AppSearch/flags/appsearch_flags_java_lib/android_common/javac/srcjars/com/android/appsearch/flags/FeatureFlags.java,97,5,97,25,
Lcom/android/appsearch/flags/FeatureFlags;->enableSetSchemaVisibleToConfigs()Z,out/soong/.intermediates/packages/modules/AppSearch/flags/appsearch_flags_java_lib/android_common/javac/srcjars/com/android/appsearch/flags/FeatureFlags.java,101,5,101,25,
Lcom/android/appsearch/flags/FeatureFlagsImpl;->appOpenEventIndexerEnabled()Z,out/soong/.intermediates/packages/modules/AppSearch/flags/appsearch_flags_java_lib/android_common/javac/srcjars/com/android/appsearch/flags/FeatureFlagsImpl.java,8,5,8,25,
Lcom/android/appsearch/flags/FeatureFlagsImpl;->appsIndexerEnabled()Z,out/soong/.intermediates/packages/modules/AppSearch/flags/appsearch_flags_java_lib/android_common/javac/srcjars/com/android/appsearch/flags/FeatureFlagsImpl.java,15,5,15,25,
Lcom/android/appsearch/flags/FeatureFlagsImpl;->enableAppFunctions()Z,out/soong/.intermediates/packages/modules/AppSearch/flags/appsearch_flags_java_lib/android_common/javac/srcjars/com/android/appsearch/flags/FeatureFlagsImpl.java,22,5,22,25,
Lcom/android/appsearch/flags/FeatureFlagsImpl;->enableBlobStore()Z,out/soong/.intermediates/packages/modules/AppSearch/flags/appsearch_flags_java_lib/android_common/javac/srcjars/com/android/appsearch/flags/FeatureFlagsImpl.java,29,5,29,25,
Lcom/android/appsearch/flags/FeatureFlagsImpl;->enableContactsIndexFirstMiddleAndLastNames()Z,out/soong/.intermediates/packages/modules/AppSearch/flags/appsearch_flags_java_lib/android_common/javac/srcjars/com/android/appsearch/flags/FeatureFlagsImpl.java,36,5,36,25,
Lcom/android/appsearch/flags/FeatureFlagsImpl;->enableEnterpriseEmptyBatchResultFix()Z,out/soong/.intermediates/packages/modules/AppSearch/flags/appsearch_flags_java_lib/android_common/javac/srcjars/com/android/appsearch/flags/FeatureFlagsImpl.java,43,5,43,25,
Lcom/android/appsearch/flags/FeatureFlagsImpl;->enableEnterpriseGlobalSearchSession()Z,out/soong/.intermediates/packages/modules/AppSearch/flags/appsearch_flags_java_lib/android_common/javac/srcjars/com/android/appsearch/flags/FeatureFlagsImpl.java,50,5,50,25,
Lcom/android/appsearch/flags/FeatureFlagsImpl;->enableGenericDocumentBuilderHiddenMethods()Z,out/soong/.intermediates/packages/modules/AppSearch/flags/appsearch_flags_java_lib/android_common/javac/srcjars/com/android/appsearch/flags/FeatureFlagsImpl.java,57,5,57,25,
Lcom/android/appsearch/flags/FeatureFlagsImpl;->enableGenericDocumentCopyConstructor()Z,out/soong/.intermediates/packages/modules/AppSearch/flags/appsearch_flags_java_lib/android_common/javac/srcjars/com/android/appsearch/flags/FeatureFlagsImpl.java,64,5,64,25,
Lcom/android/appsearch/flags/FeatureFlagsImpl;->enableGenericDocumentOverIpc()Z,out/soong/.intermediates/packages/modules/AppSearch/flags/appsearch_flags_java_lib/android_common/javac/srcjars/com/android/appsearch/flags/FeatureFlagsImpl.java,71,5,71,25,
Lcom/android/appsearch/flags/FeatureFlagsImpl;->enableGetParentTypesAndIndexableNestedProperties()Z,out/soong/.intermediates/packages/modules/AppSearch/flags/appsearch_flags_java_lib/android_common/javac/srcjars/com/android/appsearch/flags/FeatureFlagsImpl.java,78,5,78,25,
Lcom/android/appsearch/flags/FeatureFlagsImpl;->enableGroupingTypePerSchema()Z,out/soong/.intermediates/packages/modules/AppSearch/flags/appsearch_flags_java_lib/android_common/javac/srcjars/com/android/appsearch/flags/FeatureFlagsImpl.java,85,5,85,25,
Lcom/android/appsearch/flags/FeatureFlagsImpl;->enableInformationalRankingExpressions()Z,out/soong/.intermediates/packages/modules/AppSearch/flags/appsearch_flags_java_lib/android_common/javac/srcjars/com/android/appsearch/flags/FeatureFlagsImpl.java,92,5,92,25,
Lcom/android/appsearch/flags/FeatureFlagsImpl;->enableListFilterHasPropertyFunction()Z,out/soong/.intermediates/packages/modules/AppSearch/flags/appsearch_flags_java_lib/android_common/javac/srcjars/com/android/appsearch/flags/FeatureFlagsImpl.java,99,5,99,25,
Lcom/android/appsearch/flags/FeatureFlagsImpl;->enablePutDocumentsRequestAddTakenActions()Z,out/soong/.intermediates/packages/modules/AppSearch/flags/appsearch_flags_java_lib/android_common/javac/srcjars/com/android/appsearch/flags/FeatureFlagsImpl.java,106,5,106,25,
Lcom/android/appsearch/flags/FeatureFlagsImpl;->enableResultAlreadyExists()Z,out/soong/.intermediates/packages/modules/AppSearch/flags/appsearch_flags_java_lib/android_common/javac/srcjars/com/android/appsearch/flags/FeatureFlagsImpl.java,113,5,113,25,
Lcom/android/appsearch/flags/FeatureFlagsImpl;->enableResultDeniedAndResultRateLimited()Z,out/soong/.intermediates/packages/modules/AppSearch/flags/appsearch_flags_java_lib/android_common/javac/srcjars/com/android/appsearch/flags/FeatureFlagsImpl.java,120,5,120,25,
Lcom/android/appsearch/flags/FeatureFlagsImpl;->enableSafeParcelable2()Z,out/soong/.intermediates/packages/modules/AppSearch/flags/appsearch_flags_java_lib/android_common/javac/srcjars/com/android/appsearch/flags/FeatureFlagsImpl.java,127,5,127,25,
Lcom/android/appsearch/flags/FeatureFlagsImpl;->enableSchemaEmbeddingPropertyConfig()Z,out/soong/.intermediates/packages/modules/AppSearch/flags/appsearch_flags_java_lib/android_common/javac/srcjars/com/android/appsearch/flags/FeatureFlagsImpl.java,134,5,134,25,
Lcom/android/appsearch/flags/FeatureFlagsImpl;->enableSearchSpecFilterProperties()Z,out/soong/.intermediates/packages/modules/AppSearch/flags/appsearch_flags_java_lib/android_common/javac/srcjars/com/android/appsearch/flags/FeatureFlagsImpl.java,141,5,141,25,
Lcom/android/appsearch/flags/FeatureFlagsImpl;->enableSearchSpecSearchStringParameters()Z,out/soong/.intermediates/packages/modules/AppSearch/flags/appsearch_flags_java_lib/android_common/javac/srcjars/com/android/appsearch/flags/FeatureFlagsImpl.java,148,5,148,25,
Lcom/android/appsearch/flags/FeatureFlagsImpl;->enableSearchSpecSetSearchSourceLogTag()Z,out/soong/.intermediates/packages/modules/AppSearch/flags/appsearch_flags_java_lib/android_common/javac/srcjars/com/android/appsearch/flags/FeatureFlagsImpl.java,155,5,155,25,
Lcom/android/appsearch/flags/FeatureFlagsImpl;->enableSetPubliclyVisibleSchema()Z,out/soong/.intermediates/packages/modules/AppSearch/flags/appsearch_flags_java_lib/android_common/javac/srcjars/com/android/appsearch/flags/FeatureFlagsImpl.java,162,5,162,25,
Lcom/android/appsearch/flags/FeatureFlagsImpl;->enableSetSchemaVisibleToConfigs()Z,out/soong/.intermediates/packages/modules/AppSearch/flags/appsearch_flags_java_lib/android_common/javac/srcjars/com/android/appsearch/flags/FeatureFlagsImpl.java,169,5,169,25,
Lcom/android/appsearch/flags/Flags;->appOpenEventIndexerEnabled()Z,out/soong/.intermediates/packages/modules/AppSearch/flags/appsearch_flags_java_lib/android_common/javac/srcjars/com/android/appsearch/flags/Flags.java,56,5,56,25,
Lcom/android/appsearch/flags/Flags;->appsIndexerEnabled()Z,out/soong/.intermediates/packages/modules/AppSearch/flags/appsearch_flags_java_lib/android_common/javac/srcjars/com/android/appsearch/flags/Flags.java,62,5,62,25,
Lcom/android/appsearch/flags/Flags;->enableAppFunctions()Z,out/soong/.intermediates/packages/modules/AppSearch/flags/appsearch_flags_java_lib/android_common/javac/srcjars/com/android/appsearch/flags/Flags.java,68,5,68,25,
Lcom/android/appsearch/flags/Flags;->enableBlobStore()Z,out/soong/.intermediates/packages/modules/AppSearch/flags/appsearch_flags_java_lib/android_common/javac/srcjars/com/android/appsearch/flags/Flags.java,74,5,74,25,
Lcom/android/appsearch/flags/Flags;->enableContactsIndexFirstMiddleAndLastNames()Z,out/soong/.intermediates/packages/modules/AppSearch/flags/appsearch_flags_java_lib/android_common/javac/srcjars/com/android/appsearch/flags/Flags.java,80,5,80,25,
Lcom/android/appsearch/flags/Flags;->enableEnterpriseEmptyBatchResultFix()Z,out/soong/.intermediates/packages/modules/AppSearch/flags/appsearch_flags_java_lib/android_common/javac/srcjars/com/android/appsearch/flags/Flags.java,86,5,86,25,
Lcom/android/appsearch/flags/Flags;->enableEnterpriseGlobalSearchSession()Z,out/soong/.intermediates/packages/modules/AppSearch/flags/appsearch_flags_java_lib/android_common/javac/srcjars/com/android/appsearch/flags/Flags.java,92,5,92,25,
Lcom/android/appsearch/flags/Flags;->enableGenericDocumentBuilderHiddenMethods()Z,out/soong/.intermediates/packages/modules/AppSearch/flags/appsearch_flags_java_lib/android_common/javac/srcjars/com/android/appsearch/flags/Flags.java,98,5,98,25,
Lcom/android/appsearch/flags/Flags;->enableGenericDocumentCopyConstructor()Z,out/soong/.intermediates/packages/modules/AppSearch/flags/appsearch_flags_java_lib/android_common/javac/srcjars/com/android/appsearch/flags/Flags.java,104,5,104,25,
Lcom/android/appsearch/flags/Flags;->enableGenericDocumentOverIpc()Z,out/soong/.intermediates/packages/modules/AppSearch/flags/appsearch_flags_java_lib/android_common/javac/srcjars/com/android/appsearch/flags/Flags.java,110,5,110,25,
Lcom/android/appsearch/flags/Flags;->enableGetParentTypesAndIndexableNestedProperties()Z,out/soong/.intermediates/packages/modules/AppSearch/flags/appsearch_flags_java_lib/android_common/javac/srcjars/com/android/appsearch/flags/Flags.java,116,5,116,25,
Lcom/android/appsearch/flags/Flags;->enableGroupingTypePerSchema()Z,out/soong/.intermediates/packages/modules/AppSearch/flags/appsearch_flags_java_lib/android_common/javac/srcjars/com/android/appsearch/flags/Flags.java,122,5,122,25,
Lcom/android/appsearch/flags/Flags;->enableInformationalRankingExpressions()Z,out/soong/.intermediates/packages/modules/AppSearch/flags/appsearch_flags_java_lib/android_common/javac/srcjars/com/android/appsearch/flags/Flags.java,128,5,128,25,
Lcom/android/appsearch/flags/Flags;->enableListFilterHasPropertyFunction()Z,out/soong/.intermediates/packages/modules/AppSearch/flags/appsearch_flags_java_lib/android_common/javac/srcjars/com/android/appsearch/flags/Flags.java,134,5,134,25,
Lcom/android/appsearch/flags/Flags;->enablePutDocumentsRequestAddTakenActions()Z,out/soong/.intermediates/packages/modules/AppSearch/flags/appsearch_flags_java_lib/android_common/javac/srcjars/com/android/appsearch/flags/Flags.java,140,5,140,25,
Lcom/android/appsearch/flags/Flags;->enableResultAlreadyExists()Z,out/soong/.intermediates/packages/modules/AppSearch/flags/appsearch_flags_java_lib/android_common/javac/srcjars/com/android/appsearch/flags/Flags.java,146,5,146,25,
Lcom/android/appsearch/flags/Flags;->enableResultDeniedAndResultRateLimited()Z,out/soong/.intermediates/packages/modules/AppSearch/flags/appsearch_flags_java_lib/android_common/javac/srcjars/com/android/appsearch/flags/Flags.java,152,5,152,25,
Lcom/android/appsearch/flags/Flags;->enableSafeParcelable2()Z,out/soong/.intermediates/packages/modules/AppSearch/flags/appsearch_flags_java_lib/android_common/javac/srcjars/com/android/appsearch/flags/Flags.java,158,5,158,25,
Lcom/android/appsearch/flags/Flags;->enableSchemaEmbeddingPropertyConfig()Z,out/soong/.intermediates/packages/modules/AppSearch/flags/appsearch_flags_java_lib/android_common/javac/srcjars/com/android/appsearch/flags/Flags.java,164,5,164,25,
Lcom/android/appsearch/flags/Flags;->enableSearchSpecFilterProperties()Z,out/soong/.intermediates/packages/modules/AppSearch/flags/appsearch_flags_java_lib/android_common/javac/srcjars/com/android/appsearch/flags/Flags.java,170,5,170,25,
Lcom/android/appsearch/flags/Flags;->enableSearchSpecSearchStringParameters()Z,out/soong/.intermediates/packages/modules/AppSearch/flags/appsearch_flags_java_lib/android_common/javac/srcjars/com/android/appsearch/flags/Flags.java,176,5,176,25,
Lcom/android/appsearch/flags/Flags;->enableSearchSpecSetSearchSourceLogTag()Z,out/soong/.intermediates/packages/modules/AppSearch/flags/appsearch_flags_java_lib/android_common/javac/srcjars/com/android/appsearch/flags/Flags.java,182,5,182,25,
Lcom/android/appsearch/flags/Flags;->enableSetPubliclyVisibleSchema()Z,out/soong/.intermediates/packages/modules/AppSearch/flags/appsearch_flags_java_lib/android_common/javac/srcjars/com/android/appsearch/flags/Flags.java,188,5,188,25,
Lcom/android/appsearch/flags/Flags;->enableSetSchemaVisibleToConfigs()Z,out/soong/.intermediates/packages/modules/AppSearch/flags/appsearch_flags_java_lib/android_common/javac/srcjars/com/android/appsearch/flags/Flags.java,194,5,194,25,
Lcom/android/internal/util/Preconditions;->checkArgument(Z)V,frameworks/libs/modules-utils/java/com/android/internal/util/Preconditions.java,44,5,44,25,
Lcom/android/internal/util/Preconditions;->checkArgument(ZLjava/lang/Object;)V,frameworks/libs/modules-utils/java/com/android/internal/util/Preconditions.java,59,5,59,88,maxTargetSdk=30&trackingBug=170729553L
Lcom/android/internal/util/Preconditions;->checkNotNull(Ljava/lang/Object;)Ljava/lang/Object;,frameworks/libs/modules-utils/java/com/android/internal/util/Preconditions.java,149,5,149,25,
Lcom/android/internal/util/Preconditions;->checkNotNull(Ljava/lang/Object;Ljava/lang/Object;)Ljava/lang/Object;,frameworks/libs/modules-utils/java/com/android/internal/util/Preconditions.java,169,5,169,25,
Lcom/android/internal/util/Preconditions;->checkState(Z)V,frameworks/libs/modules-utils/java/com/android/internal/util/Preconditions.java,205,5,205,25,
Lcom/android/internal/util/Preconditions;->checkState(ZLjava/lang/String;)V,frameworks/libs/modules-utils/java/com/android/internal/util/Preconditions.java,219,5,219,88,maxTargetSdk=30&trackingBug=170729553L
Lcom/android/internal/util/Preconditions;->checkArgumentInRange(IIILjava/lang/String;)I,frameworks/libs/modules-utils/java/com/android/internal/util/Preconditions.java,529,5,529,88,maxTargetSdk=30&trackingBug=170729553L
